date,impressions,clicks,conversions,cost,total_conversion_value,average_position,reservations,price
2015-01-01,36,16,1,27.46,1590.0,1.33055555556,4,2490.0
2015-01-02,43,12,0,14.81,0.0,1.27906976744,12,10686.0
2015-01-03,27,7,0,5.22,0.0,1.4,5,8320.0
2015-01-04,18,6,0,3.35,0.0,1.66666666667,8,8501.0
2015-01-05,43,17,0,15.39,0.0,1.09302325581,47,94318.0
2015-01-06,26,8,0,8.9,0.0,1.42692307692,19,14383.0
2015-01-07,35,12,0,11.16,0.0,1.43428571429,19,18352.0
2015-01-08,41,19,0,33.2,0.0,1.23414634146,23,38749.0
2015-01-09,44,15,0,15.76,0.0,1.21136363636,33,27317.0
2015-01-10,38,9,0,16.08,0.0,1.74473684211,10,11515.0
2015-01-11,25,10,0,18.16,0.0,1.236,5,3148.0
2015-01-12,43,14,0,11.38,0.0,1.08837209302,45,53926.0
2015-01-13,40,8,1,10.68,2250.0,1.3575,131,245251.0
2015-01-14,38,9,0,14.02,0.0,1.31578947368,41,89813.0
2015-01-15,38,14,0,17.2,0.0,1.26842105263,10,22702.0
2015-01-16,47,8,0,12.77,0.0,1.31276595745,21,20926.0
2015-01-17,33,15,0,24.68,0.0,1.48181818182,3,5250.0
2015-01-18,18,8,0,15.73,0.0,1.16666666667,3,3410.0
2015-01-19,45,15,1,28.34,9000.0,1.58,34,44294.0
2015-01-20,49,16,1,26.03,4500.0,1.28367346939,19,35713.0
2015-01-21,43,16,0,18.88,0.0,1.30930232558,47,50279.0
2015-01-22,34,13,1,17.51,2380.0,1.30882352941,22,41569.0
2015-01-23,53,19,0,25.59,0.0,1.32830188679,12,22475.0
2015-01-24,27,7,0,15.01,0.0,1.22962962963,4,5920.0
2015-01-25,29,4,0,7.75,0.0,1.49655172414,6,11642.0
2015-01-26,48,16,0,24.28,0.0,1.3625,30,43552.0
2015-01-27,49,17,0,27.24,0.0,1.31224489796,13,18532.0
2015-01-28,44,18,2,17.54,4381.0,1.29318181818,15,18632.0
2015-01-29,43,15,0,25.64,0.0,1.3511627907,16,31670.0
2015-01-30,33,8,2,7.2,2880.0,1.29393939394,12,22314.0
2015-01-31,25,10,0,14.38,0.0,1.244,4,1387.0
2015-02-01,32,6,0,12.04,0.0,1.303125,4,9895.0
2015-02-02,48,14,0,17.63,0.0,1.60208333333,27,38338.0
2015-02-03,39,12,0,25.96,0.0,1.18461538462,20,40678.5
2015-02-04,30,8,1,11.57,870.0,1.19333333333,66,110616.0
2015-02-05,36,14,1,29.5,3480.0,1.61944444444,9,10563.0
2015-02-06,59,19,1,23.62,1390.0,1.32203389831,12,27133.0
2015-02-07,17,3,0,4.36,0.0,1.70588235294,1,990.0
2015-02-08,42,13,0,16.71,0.0,2.0,5,5029.0
2015-02-09,49,15,1,18.01,2380.0,1.30408163265,22,43990.0
2015-02-10,46,19,1,32.52,4380.0,1.89347826087,18,36408.0
2015-02-11,53,15,0,18.05,0.0,1.51320754717,46,114684.0
2015-02-12,48,15,0,17.06,0.0,1.2625,46,53814.0
2015-02-13,80,17,0,21.96,0.0,1.315,19,13651.0
2015-02-14,42,15,0,22.35,0.0,1.44047619048,8,13159.0
2015-02-15,36,11,0,21.02,0.0,1.78611111111,5,7580.0
2015-02-16,59,15,0,23.05,0.0,1.3406779661,17,12029.0
2015-02-17,70,15,0,19.03,0.0,1.72571428571,12,14169.0
2015-02-18,49,13,0,12.3,0.0,1.30816326531,6,4570.0
2015-02-19,55,12,0,21.06,0.0,1.28363636364,12,20952.0
2015-02-20,49,11,0,10.51,0.0,1.34489795918,13,14213.0
2015-02-21,50,10,0,8.79,0.0,1.076,6,9007.0
2015-02-22,65,19,0,25.18,0.0,1.50615384615,5,6820.0
2015-02-23,51,13,0,18.27,0.0,1.2,20,23647.0
2015-02-24,52,16,0,18.77,0.0,1.77307692308,15,19082.0
2015-02-25,41,10,0,13.82,0.0,1.3512195122,15,31815.5
2015-02-26,44,13,0,10.66,0.0,1.3,12,14690.0
2015-02-27,31,10,0,14.11,0.0,1.31935483871,9,7747.0
2015-02-28,30,6,0,10.72,0.0,1.37666666667,4,6548.0
2015-03-01,55,18,0,22.93,0.0,1.49636363636,4,7580.0
2015-03-02,48,16,0,16.07,0.0,1.19166666667,73,100503.0
2015-03-03,43,16,0,18.38,0.0,1.46511627907,21,36982.0
2015-03-04,35,17,1,54.4,4380.0,1.48285714286,24,30904.0
2015-03-05,58,27,1,66.01,3780.0,1.28793103448,17,21837.0
2015-03-06,33,5,0,15.0,0.0,1.3,21,31144.0
2015-03-07,27,11,1,26.16,4800.0,1.34074074074,5,11408.0
2015-03-08,48,15,0,35.01,0.0,1.49166666667,7,9784.0
2015-03-09,68,19,0,39.17,0.0,1.58382352941,26,45424.0
2015-03-10,60,19,0,28.55,0.0,1.45166666667,27,36442.0
2015-03-11,43,12,1,15.53,1190.0,1.85813953488,24,26038.0
2015-03-12,46,14,0,26.82,0.0,1.26304347826,11,21217.0
2015-03-13,51,18,0,40.78,0.0,1.59215686275,9,12670.0
2015-03-14,35,11,0,16.61,0.0,1.56571428571,3,1069.0
2015-03-15,22,8,0,15.4,0.0,1.76818181818,1,100.0
2015-03-16,54,23,0,44.64,0.0,1.19259259259,3,4166.0
2015-03-17,52,19,0,37.45,0.0,1.61538461538,32,56269.0
2015-03-18,44,14,0,40.33,0.0,1.40454545455,14,33793.0
2015-03-19,43,15,1,43.09,2380.0,1.32325581395,12,19615.0
2015-03-20,34,16,2,21.02,1740.0,1.32058823529,10,10680.0
2015-03-21,36,11,0,16.05,0.0,1.51111111111,13,40609.0
2015-03-22,41,7,0,8.41,0.0,1.23414634146,5,9460.0
2015-03-23,66,26,0,28.67,0.0,1.21515151515,27,36786.0
2015-03-24,49,17,0,35.34,0.0,1.16326530612,8,7049.0
2015-03-25,41,17,1,34.32,2380.0,1.3756097561,15,16918.0
2015-03-26,50,8,0,8.84,0.0,2.194,21,21165.0
2015-03-27,39,9,0,4.72,0.0,1.56923076923,6,7277.0
2015-03-28,28,3,0,2.66,0.0,1.42142857143,4,3000.0
2015-03-29,33,6,0,11.49,0.0,1.17272727273,3,3615.0
2015-03-30,51,14,0,27.03,0.0,1.49215686275,11,13376.0
2015-03-31,53,18,0,31.65,0.0,1.75849056604,3,2370.0
2015-04-01,55,6,0,8.88,0.0,1.65272727273,15,24504.0
2015-04-02,61,8,0,12.97,0.0,1.54590163934,9,13569.0
2015-04-03,57,20,1,35.06,3780.0,1.61052631579,12,27358.0
2015-04-04,44,14,1,25.85,1190.0,1.85227272727,6,5600.0
2015-04-05,45,7,1,18.47,2380.0,1.49555555556,6,11670.0
2015-04-06,38,12,0,25.17,0.0,1.44473684211,1,1190.0
2015-04-07,54,15,0,20.52,0.0,1.65925925926,50,47747.0
2015-04-08,60,17,2,24.42,2380.0,2.06333333333,23,31381.0
2015-04-09,67,19,0,32.73,0.0,1.38507462687,22,32120.0
2015-04-10,52,13,0,28.44,0.0,1.30769230769,40,80612.0
2015-04-11,36,5,0,6.44,0.0,2.03333333333,4,4900.0
2015-04-12,32,10,0,16.38,0.0,1.384375,7,10037.0
2015-04-13,60,17,0,22.35,0.0,1.35166666667,15,36490.0
2015-04-14,63,15,2,23.15,12910.0,1.6619047619,21,53223.0
2015-04-15,55,13,0,19.09,0.0,2.29636363636,12,21748.0
2015-04-16,42,10,0,13.98,0.0,1.37857142857,4,2200.0
2015-04-17,80,23,0,39.98,0.0,2.08125,7,6495.0
2015-04-18,49,12,0,29.85,0.0,1.55102040816,2,3152.0
2015-04-19,31,8,0,8.55,0.0,1.8,3,5000.0
2015-04-20,90,17,0,24.1,0.0,1.62222222222,7,13115.0
2015-04-21,71,19,0,25.47,0.0,1.78028169014,8,8789.0
2015-04-22,90,20,0,37.64,0.0,1.87555555556,6,4901.0
2015-04-23,63,14,0,24.73,0.0,1.92380952381,4,16870.0
2015-04-24,69,10,0,16.63,0.0,1.85652173913,7,7540.0
2015-04-25,46,3,0,3.45,0.0,2.15217391304,4,4280.0
2015-04-26,48,12,0,14.07,0.0,1.91875,9,13175.0
2015-04-27,79,13,0,25.6,0.0,1.6417721519,2,5288.0
2015-04-28,74,13,0,16.7,0.0,1.72162162162,3,3394.0
2015-04-29,70,12,0,16.4,0.0,1.88571428571,7,8534.0
2015-04-30,67,9,0,23.34,0.0,1.54029850746,9,15753.0
2015-05-01,73,9,0,19.48,0.0,2.12602739726,6,10700.0
2015-05-02,54,10,0,27.2,0.0,1.62037037037,3,4580.0
2015-05-03,40,8,0,8.28,0.0,1.9375,4,10890.0
2015-05-04,80,12,0,17.48,0.0,1.8875,13,20540.0
2015-05-05,75,14,0,21.15,0.0,1.63866666667,27,39465.0
2015-05-06,66,10,0,18.88,0.0,1.5803030303,16,46169.0
2015-05-07,76,16,0,19.77,0.0,1.91842105263,9,11753.0
2015-05-08,59,11,0,10.42,0.0,1.65423728814,7,11230.0
2015-05-09,55,8,1,9.91,1190.0,1.58909090909,2,8580.0
2015-05-10,46,7,0,17.5,0.0,1.80869565217,2,1900.0
2015-05-11,76,10,0,12.56,0.0,1.89736842105,7,13838.0
2015-05-12,63,10,0,10.07,0.0,1.53492063492,6,15714.0
2015-05-13,63,12,0,22.32,0.0,2.22698412698,16,42705.0
2015-05-14,53,10,0,10.1,0.0,1.70943396226,25,33919.0
2015-05-15,69,13,0,16.76,0.0,1.97826086957,11,19480.0
2015-05-16,29,4,0,4.63,0.0,1.83448275862,2,4490.0
2015-05-17,47,5,0,6.7,0.0,1.54255319149,1,0.0
2015-05-18,63,17,0,19.13,0.0,1.64603174603,3,10340.0
2015-05-19,60,18,1,48.38,0.0,1.70666666667,44,69313.0
2015-05-20,62,13,0,19.95,0.0,1.93225806452,4,4890.0
2015-05-21,65,11,0,15.57,0.0,1.85076923077,23,34275.0
2015-05-22,62,14,0,17.3,0.0,2.13870967742,8,12130.0
2015-05-23,52,10,1,11.68,1190.0,2.07884615385,10,14298.0
2015-05-24,40,10,0,23.39,0.0,2.1125,2,7840.0
2015-05-25,84,15,0,23.91,0.0,1.90357142857,4,4540.0
2015-05-26,80,16,0,29.31,0.0,1.805,5,6540.0
2015-05-27,88,19,0,25.95,0.0,2.04659090909,6,14103.0
2015-05-28,67,13,1,15.9,1740.0,1.64776119403,16,16549.0
2015-05-29,56,5,0,12.25,0.0,1.74821428571,8,9110.0
2015-05-30,26,4,0,15.93,0.0,1.72692307692,7,6090.0
2015-05-31,44,8,0,20.95,0.0,1.86590909091,10,18090.0
2015-06-01,70,14,0,15.4,0.0,1.55714285714,48,173650.0
2015-06-02,79,11,0,14.46,0.0,1.69620253165,18,17618.0
2015-06-03,54,9,0,19.45,0.0,1.67407407407,13,17204.0
2015-06-04,51,6,0,9.41,0.0,1.78431372549,24,53032.0
2015-06-05,63,11,0,18.76,0.0,1.83492063492,10,8370.0
2015-06-06,28,6,0,10.17,0.0,2.04285714286,2,2200.0
2015-06-07,36,5,0,4.42,0.0,1.73333333333,5,12268.0
2015-06-08,59,10,0,17.04,0.0,2.02033898305,21,37446.0
2015-06-09,70,13,1,22.73,1190.0,2.07428571429,37,60285.0
2015-06-10,62,13,0,19.56,0.0,1.50483870968,13,22995.0
2015-06-11,55,7,0,3.85,0.0,1.90909090909,15,26084.0
2015-06-12,60,15,0,26.41,0.0,1.53666666667,11,16900.0
2015-06-13,36,4,0,7.68,0.0,1.68611111111,2,2290.0
2015-06-14,29,6,0,9.51,0.0,1.86206896552,8,4895.0
2015-06-15,68,15,0,17.11,0.0,1.80441176471,12,32810.0
2015-06-16,70,11,0,17.33,0.0,2.01714285714,8,17710.0
2015-06-17,55,14,0,16.63,0.0,1.50727272727,7,6019.0
2015-06-18,73,17,0,16.14,0.0,1.63287671233,11,15960.0
2015-06-19,71,11,0,8.61,0.0,1.75492957746,23,25695.0
2015-06-20,29,1,0,0.11,0.0,1.9275862069,3,5385.0
2015-06-21,53,10,0,7.01,0.0,1.78301886792,7,9970.0
2015-06-22,67,15,0,26.55,0.0,1.78358208955,26,55628.0
2015-06-23,54,9,0,13.97,0.0,1.63888888889,17,48984.0
2015-06-24,56,16,0,31.48,0.0,1.53035714286,20,36440.0
2015-06-25,51,10,0,24.41,0.0,2.27058823529,11,20120.0
2015-06-26,68,16,0,23.05,0.0,1.69264705882,7,6498.0
2015-06-27,43,11,0,15.26,0.0,1.48604651163,3,5950.0
2015-06-28,40,7,1,11.53,4760.0,2.31,26,7300.0
2015-06-29,48,10,0,23.75,0.0,1.95416666667,18,30460.0
2015-06-30,35,10,1,21.55,12000.0,1.82285714286,35,75473.0
2015-07-01,63,17,1,45.15,2140.0,1.40476190476,7,16547.0
2015-07-02,45,7,1,10.09,1740.0,2.18444444444,55,74870.0
2015-07-03,46,11,0,11.65,0.0,1.54782608696,15,24048.0
2015-07-04,35,5,0,10.82,0.0,1.66571428571,26,42278.0
2015-07-05,48,5,0,13.37,0.0,1.90833333333,6,9488.0
2015-07-06,44,5,0,9.33,0.0,2.07272727273,8,15808.0
2015-07-07,57,13,0,27.62,0.0,1.81403508772,17,24060.0
2015-07-08,68,16,1,23.12,2260.0,1.76764705882,22,46734.0
2015-07-09,63,13,0,28.96,0.0,1.94603174603,48,65389.0
2015-07-10,70,8,0,7.09,0.0,1.98428571429,37,46073.4
2015-07-11,29,7,0,6.45,0.0,1.42068965517,10,20658.0
2015-07-12,40,4,0,11.08,0.0,1.8825,16,25830.0
2015-07-13,62,10,0,29.1,0.0,1.88709677419,31,51389.0
2015-07-14,67,15,0,16.12,0.0,1.81641791045,57,88701.0
2015-07-15,57,9,0,9.73,0.0,1.7649122807,61,124142.0
2015-07-16,70,27,2,44.1,3570.0,1.59571428571,15,21838.0
2015-07-17,43,7,0,13.99,0.0,1.82325581395,18,13760.0
2015-07-18,38,7,0,16.6,0.0,1.97368421053,5,12228.0
2015-07-19,45,15,0,28.58,0.0,1.80222222222,12,30955.0
2015-07-20,70,21,0,42.25,0.0,1.71571428571,16,27035.0
2015-07-21,56,11,0,16.58,0.0,1.87321428571,78,73259.0
2015-07-22,49,17,0,26.77,0.0,1.59387755102,9,14664.0
2015-07-23,72,22,0,43.77,0.0,1.62777777778,12,20584.0
2015-07-24,49,9,0,23.5,0.0,1.63673469388,5,5770.0
2015-07-25,29,11,0,29.29,0.0,1.42068965517,7,13200.0
2015-07-26,41,3,1,5.05,4500.0,1.88780487805,7,11680.0
2015-07-27,66,15,0,14.46,0.0,1.70909090909,8,16490.0
2015-07-28,56,11,0,26.44,0.0,1.88571428571,38,51825.0
2015-07-29,63,12,0,11.42,0.0,1.69206349206,17,26649.0
2015-07-30,66,12,0,24.76,0.0,2.24848484848,13,21005.0
2015-07-31,51,13,1,31.27,1190.0,1.57254901961,9,13015.0
2015-08-01,21,2,0,2.28,0.0,2.2380952381,5,13115.0
2015-08-02,69,18,0,25.67,0.0,1.75797101449,8,13240.0
2015-08-03,67,16,0,14.99,0.0,1.51492537313,22,38820.0
2015-08-04,62,10,0,24.23,0.0,1.65322580645,16,40344.0
2015-08-05,54,10,0,18.85,0.0,1.55555555556,27,43584.0
2015-08-06,78,21,1,52.81,1190.0,1.74871794872,15,17300.0
2015-08-07,60,13,0,23.66,0.0,1.445,18,27971.0
2015-08-08,49,12,0,18.22,0.0,1.97959183673,9,14775.0
2015-08-09,33,6,0,10.31,0.0,1.39090909091,19,29270.0
2015-08-10,61,5,0,11.0,0.0,1.52786885246,18,26271.0
2015-08-11,65,16,0,34.02,0.0,1.48461538462,12,19955.0
2015-08-12,75,19,1,37.2,4520.0,1.648,13,22275.0
2015-08-13,80,18,0,26.59,0.0,1.62375,21,27189.0
2015-08-14,72,12,0,12.42,0.0,1.44166666667,74,134556.0
2015-08-15,58,12,0,11.57,0.0,1.68620689655,7,10180.0
2015-08-16,39,6,0,4.73,0.0,1.90769230769,7,18020.0
2015-08-17,80,13,1,17.47,3580.0,1.47875,15,28110.0
2015-08-18,93,18,0,42.19,0.0,1.60107526882,16,26808.0
2015-08-19,89,21,1,48.71,3880.0,1.5202247191,18,27223.0
2015-08-20,77,14,0,32.2,0.0,1.64285714286,25,47670.0
2015-08-21,82,26,0,37.31,0.0,1.9256097561,14,19860.0
2015-08-22,54,11,1,13.66,1690.0,1.29814814815,5,4715.0
2015-08-23,32,10,0,19.6,0.0,1.3375,5,9975.0
2015-08-24,71,16,0,26.86,0.0,1.60845070423,58,86725.0
2015-08-25,106,34,1,77.77,2380.0,1.72169811321,29,50799.0
2015-08-26,69,15,0,24.32,0.0,1.86811594203,38,63310.0
2015-08-27,76,17,0,31.19,0.0,1.76710526316,31,38125.0
2015-08-28,54,16,0,27.16,0.0,1.45,11,10660.0
2015-08-29,56,13,0,25.17,0.0,1.58928571429,6,13744.0
2015-08-30,24,9,0,17.02,0.0,1.58333333333,13,16800.0
2015-08-31,60,16,0,28.23,0.0,1.52333333333,6,4160.0
2015-09-01,56,16,0,30.69,0.0,1.69821428571,10,14258.0
2015-09-02,70,16,0,25.05,0.0,1.44571428571,16,24523.0
2015-09-03,59,12,0,22.68,0.0,1.94915254237,30,80949.0
2015-09-04,71,20,0,55.24,0.0,1.55211267606,50,86335.0
2015-09-05,46,12,0,32.31,0.0,1.4347826087,7,9180.0
2015-09-06,50,8,0,25.93,0.0,1.7,9,14720.0
2015-09-07,64,19,0,22.65,0.0,1.5703125,38,43418.0
2015-09-08,59,16,0,28.81,0.0,1.5,18,33239.0
2015-09-09,52,13,0,32.63,0.0,1.59230769231,20,20096.0
2015-09-10,66,13,0,23.11,0.0,1.41212121212,31,39787.0
2015-09-11,83,25,0,61.87,0.0,1.43855421687,13,12140.0
2015-09-12,25,6,0,6.21,0.0,1.484,1,1325.0
2015-09-13,29,12,0,35.67,0.0,1.47931034483,1,800.0
2015-09-14,56,15,1,34.49,1190.0,1.52142857143,44,81913.0
2015-09-15,45,9,0,17.9,0.0,1.46666666667,20,37381.0
2015-09-16,65,15,0,29.69,0.0,1.69384615385,50,53395.0
2015-09-17,83,22,0,64.11,0.0,1.54337349398,3,4619.0
2015-09-18,83,24,0,45.89,0.0,1.72891566265,6,11468.0
2015-09-19,40,14,0,34.36,0.0,1.5025,14,29113.0
2015-09-20,42,12,1,44.98,4500.0,1.36666666667,5,14548.0
2015-09-21,68,23,2,58.85,3570.0,1.49705882353,32,118300.0
2015-09-22,88,23,0,57.47,0.0,1.55568181818,14,12009.0
2015-09-23,80,21,0,38.86,0.0,1.68625,12,13070.0
2015-09-24,43,14,1,34.09,9600.0,1.6,6,14040.0
2015-09-25,69,25,0,45.87,0.0,1.4231884058,27,40186.0
2015-09-26,41,13,0,35.96,0.0,1.44146341463,7,11789.0
2015-09-27,44,12,0,30.82,0.0,1.55227272727,1,0.0
2015-09-28,25,10,0,25.3,0.0,1.884,40,59979.0
2015-09-29,53,10,0,28.87,0.0,1.48490566038,24,28270.0
2015-09-30,60,20,0,43.39,0.0,1.38833333333,22,56008.0
2015-10-01,42,18,1,39.27,1190.0,1.48095238095,8,15130.0
2015-10-02,45,24,0,60.56,0.0,1.14,7,6804.0
2015-10-03,33,11,0,25.26,0.0,1.64242424242,8,13966.0
2015-10-04,33,14,0,22.7,0.0,1.34848484848,4,5540.0
2015-10-05,61,20,1,42.59,2060.0,1.6868852459,28,36856.0
2015-10-06,69,30,0,70.66,0.0,1.52898550725,113,147582.0
2015-10-07,60,27,0,54.32,0.0,1.38666666667,8,14100.0
2015-10-08,56,15,1,25.1,4380.0,1.45535714286,14,20371.0
2015-10-09,44,17,0,33.66,0.0,1.65454545455,5,8700.0
2015-10-10,44,9,1,19.76,3780.0,1.75,4,18810.0
2015-10-11,59,24,0,97.49,0.0,1.50169491525,6,12749.0
2015-10-12,59,15,0,30.07,0.0,1.73728813559,11,26899.0
2015-10-13,65,22,0,25.98,0.0,1.35230769231,13,15570.0
2015-10-14,115,12,0,22.2,0.0,2.24347826087,15,24431.0
2015-10-15,66,22,0,54.15,0.0,1.52878787879,33,56265.0
2015-10-16,91,28,1,45.77,1190.0,1.7,47,46008.0
2015-10-17,47,18,0,47.09,0.0,1.71063829787,9,14702.0
2015-10-18,61,15,0,38.26,0.0,1.58524590164,5,7055.0
2015-10-19,43,16,2,30.8,9320.0,1.41395348837,14,30556.0
2015-10-20,66,27,0,64.27,0.0,1.35757575758,17,33647.0
2015-10-21,55,15,0,29.33,0.0,1.69636363636,36,43698.0
2015-10-22,68,23,0,56.74,0.0,1.49117647059,20,35204.0
2015-10-23,59,22,0,40.07,0.0,1.52542372881,15,19150.0
2015-10-24,47,15,0,36.69,0.0,1.46808510638,6,7315.0
2015-10-25,46,15,1,44.11,2380.0,1.76739130435,6,9970.0
2015-10-26,73,19,0,29.33,0.0,1.74657534247,18,34308.0
2015-10-27,83,28,0,73.85,0.0,1.63012048193,8,9998.0
2015-10-28,53,23,0,46.26,0.0,1.38301886792,8,9117.0
2015-10-29,87,26,0,44.46,0.0,1.32068965517,54,201630.0
2015-10-30,81,25,0,43.6,0.0,1.36419753086,10,12168.0
2015-10-31,36,18,1,42.51,1390.0,1.41111111111,2,3144.0
2015-11-01,48,14,0,37.13,0.0,1.31458333333,6,5800.0
2015-11-02,81,22,0,50.37,0.0,1.59259259259,13,22476.0
2015-11-03,54,12,0,21.58,0.0,1.62777777778,40,37054.0
2015-11-04,73,20,0,36.36,0.0,1.73287671233,10,17878.0
2015-11-05,52,14,0,30.43,0.0,1.85192307692,4,12105.0
2015-11-06,66,24,0,43.35,0.0,1.50454545455,21,44996.0
2015-11-07,39,8,0,11.3,0.0,1.87692307692,2,2885.0
2015-11-08,39,13,1,39.17,3570.0,1.62820512821,1,3570.0
2015-11-09,63,23,0,46.08,0.0,1.48888888889,39,97728.0
2015-11-10,61,21,1,45.92,4760.0,1.62295081967,10,23005.0
2015-11-11,82,22,1,62.31,1490.0,1.56829268293,25,56767.0
2015-11-12,53,15,0,38.52,0.0,1.6320754717,12,20548.0
2015-11-13,62,21,1,51.93,1190.0,1.71935483871,7,10054.0
2015-11-14,44,7,1,16.21,1190.0,1.34318181818,1,1190.0
2015-11-15,45,18,0,46.98,0.0,1.40888888889,9,11760.0
2015-11-16,66,15,0,38.98,0.0,1.48484848485,17,26858.0
2015-11-17,59,15,0,45.02,0.0,1.43898305085,4,10060.0
2015-11-18,72,20,2,60.6,4070.0,1.56388888889,13,21819.0
2015-11-19,88,36,0,106.22,0.0,1.29318181818,14,20848.0
2015-11-20,65,17,0,50.16,0.0,1.57230769231,7,8976.0
2015-11-21,56,11,1,40.92,4520.0,1.53928571429,4,10655.0
2015-11-22,56,19,1,77.89,3820.0,1.59821428571,1,4987.0
2015-11-23,62,17,1,43.46,870.0,1.94677419355,30,57842.0
2015-11-24,65,17,1,38.23,2980.0,1.70153846154,15,15638.0
2015-11-25,60,21,0,52.77,0.0,1.22333333333,5,10978.0
2015-11-26,61,21,2,43.51,6160.0,1.47540983607,54,103737.0
2015-11-27,57,16,1,37.76,1490.0,1.56315789474,8,12144.0
2015-11-28,31,12,0,27.38,0.0,1.15806451613,3,4350.0
2015-11-29,37,6,0,10.62,0.0,1.41081081081,4,4660.0
2015-11-30,63,18,0,45.38,0.0,1.44920634921,15,23814.0
2015-12-01,75,20,0,64.7,0.0,1.67466666667,20,24068.14
2015-12-02,46,17,0,50.53,0.0,1.42391304348,27,45649.0
2015-12-03,50,19,0,51.98,0.0,1.354,9,13753.0
2015-12-04,48,19,0,50.34,0.0,1.17083333333,11,13513.0
2015-12-05,40,12,0,25.17,0.0,1.6125,3,3870.0
2015-12-06,48,14,1,39.72,1190.0,1.51666666667,3,5009.0
2015-12-07,55,18,1,36.57,3378.0,1.31090909091,14,25681.62
2015-12-08,74,21,0,52.46,0.0,1.62297297297,17,22479.0
2015-12-09,43,12,0,24.51,0.0,1.53720930233,22,29580.0
2015-12-10,55,14,1,30.05,4380.0,1.36,37,44807.0
2015-12-11,57,24,0,49.68,0.0,1.32456140351,14,18960.0
2015-12-12,37,10,0,26.2,0.0,1.34864864865,2,7439.0
2015-12-13,43,11,0,25.73,0.0,1.63488372093,2,4594.0
2015-12-14,96,36,1,87.3,1190.0,1.28854166667,24,14237.0
2015-12-15,84,30,0,66.06,0.0,1.39642857143,25,26226.0
2015-12-16,66,24,0,48.83,0.0,1.75606060606,30,25341.0
2015-12-17,60,18,0,44.64,0.0,1.23833333333,23,57284.0
2015-12-18,75,26,0,65.03,0.0,1.492,6,6900.0
2015-12-19,38,13,0,26.8,0.0,1.40263157895,18,39788.0
2015-12-20,42,12,1,32.69,2380.0,1.39047619048,4,5080.0
2015-12-21,42,7,0,27.47,0.0,1.24285714286,10,14776.0
2015-12-22,64,20,0,46.66,0.0,1.55,7,9833.0
2015-12-23,51,21,0,49.41,0.0,1.23921568627,7,8266.14
2015-12-24,30,9,0,21.84,0.0,1.24666666667,1,1100.0
2015-12-25,51,15,0,47.06,0.0,1.29411764706,6,14290.0
2015-12-26,43,10,0,26.39,0.0,1.58837209302,12,19179.53
2015-12-27,56,18,0,59.31,0.0,1.78571428571,8,15901.81
2015-12-28,63,16,0,38.65,0.0,1.53968253968,19,23042.0
2015-12-29,72,28,0,66.36,0.0,1.45972222222,17,22298.0
2015-12-30,57,22,0,49.07,0.0,1.57719298246,12,68658.0
2015-12-31,37,11,0,29.33,0.0,1.44054054054,1,1100.0
2016-01-01,40,10,0,24.99,0.0,1.6525,2,3480.0
2016-01-02,40,6,0,19.64,0.0,1.555,2,3149.0
2016-01-03,43,12,0,45.23,0.0,1.57209302326,6,5860.0
2016-01-04,49,19,0,47.18,0.0,1.63469387755,17,21038.0
2016-01-05,38,18,0,42.22,0.0,1.26315789474,15,18802.0
2016-01-06,60,17,0,37.93,0.0,1.53666666667,52,143140.0
2016-01-07,68,17,1,46.4,7600.0,1.55,13,21050.0
2016-01-08,52,15,0,48.38,0.0,1.30961538462,39,71900.0
2016-01-09,34,12,0,37.35,0.0,1.46764705882,14,21964.0
2016-01-10,27,7,0,19.62,0.0,1.3,10,21035.0
2016-01-11,50,15,1,36.23,1190.0,1.558,29,69301.0
2016-01-12,58,18,0,41.41,0.0,1.50862068966,8,8171.0
2016-01-13,57,26,1,74.04,3180.0,1.61578947368,35,48812.0
2016-01-14,42,9,0,25.56,0.0,1.63571428571,25,47945.0
2016-01-15,44,17,0,38.69,0.0,1.38863636364,8,9715.0
2016-01-16,64,21,0,49.76,0.0,1.459375,4,6858.0
2016-01-17,49,15,1,45.93,5858.0,1.51428571429,4,9538.0
2016-01-18,62,19,0,49.86,0.0,1.50161290323,36,68381.0
2016-01-19,74,31,3,74.05,13640.0,1.83108108108,15,37156.0
2016-01-20,48,21,0,48.29,0.0,1.75208333333,17,31130.0
2016-01-21,48,15,1,32.59,2380.0,1.44791666667,25,30637.0
2016-01-22,56,21,0,55.08,0.0,1.375,7,15888.0
2016-01-23,51,21,2,59.1,3250.0,1.56470588235,26,52338.0
2016-01-24,39,16,0,54.81,0.0,1.50256410256,31,54312.0
2016-01-25,91,27,1,84.09,870.0,1.53406593407,20,20060.0
2016-01-26,64,14,0,33.49,0.0,2.0453125,20,32338.0
2016-01-27,60,19,1,50.79,2990.0,1.35333333333,37,56127.0
2016-01-28,78,25,0,47.43,0.0,1.39871794872,19,54731.0
2016-01-29,84,23,2,43.72,4180.0,1.34642857143,10,20978.0
2016-01-30,62,17,0,39.62,0.0,1.87419354839,11,17886.14
2016-01-31,53,11,3,20.62,9760.0,1.68490566038,10,12790.0
2016-02-01,99,25,1,52.82,1190.0,1.59595959596,39,64258.0
2016-02-02,97,31,2,87.09,2991.0,2.01340206186,42,75986.0
2016-02-03,89,23,0,57.7,0.0,1.7191011236,16,35376.0
2016-02-04,87,36,1,92.3,2990.0,1.51379310345,22,42076.0
2016-02-05,67,25,0,57.52,0.0,1.46268656716,19,41411.0
2016-02-06,60,19,0,43.88,0.0,1.36666666667,7,14234.0
2016-02-07,38,10,0,25.0,0.0,1.62631578947,16,37453.0
2016-02-08,90,31,1,66.83,2990.0,1.44333333333,28,62048.0
2016-02-09,81,21,1,52.2,4760.0,1.7049382716,26,89252.86
2016-02-10,98,39,0,108.55,0.0,1.32346938776,36,78373.0
2016-02-11,79,22,1,64.72,2990.0,1.65063291139,29,52554.0
2016-02-12,82,35,0,96.15,0.0,1.53780487805,43,67956.0
2016-02-13,65,15,1,41.65,3400.0,1.45384615385,9,16379.0
2016-02-14,86,27,1,70.43,2990.0,2.18488372093,8,24478.0
2016-02-15,71,21,0,50.24,0.0,1.60704225352,159,276382.0
2016-02-16,63,20,0,53.51,0.0,1.2253968254,23,41311.2
2016-02-17,75,21,0,56.56,0.0,1.38,18,39396.0
2016-02-18,71,23,0,82.44,0.0,1.28450704225,15,21571.94
2016-02-19,68,21,0,59.22,0.0,1.37794117647,15,42612.0
2016-02-20,50,16,0,54.53,0.0,1.298,13,37401.0
2016-02-21,80,22,2,68.02,2991.0,1.68375,12,26986.15
2016-02-22,56,16,0,48.48,0.0,1.54107142857,57,72486.0
2016-02-23,83,28,2,75.16,5110.0,1.42168674699,32,64080.0
2016-02-24,62,24,0,88.34,0.0,1.74032258065,17,33299.0
2016-02-25,73,24,0,85.0,0.0,1.62602739726,12,15687.0
2016-02-26,65,22,1,67.26,1190.0,1.36923076923,13,25628.02
2016-02-27,69,19,0,50.47,0.0,1.35362318841,4,6197.59
2016-02-28,49,18,0,67.43,0.0,1.57959183673,9,29148.0
2016-02-29,48,14,0,47.1,0.0,1.59375,23,30522.0
2016-03-01,63,21,1,77.52,2990.0,1.52380952381,9,15701.0
2016-03-02,54,17,1,57.86,2990.0,1.35,18,25141.1
2016-03-03,68,28,0,91.96,0.0,1.38088235294,26,50212.0
2016-03-04,82,30,1,110.43,1190.0,1.30243902439,16,20431.0
2016-03-05,56,14,1,51.5,7380.0,1.63928571429,18,38255.7
2016-03-06,37,14,0,55.25,0.0,1.47567567568,8,19149.77
2016-03-07,93,37,5,133.84,14630.0,1.46774193548,29,47758.44
2016-03-08,68,29,1,117.14,1700.0,1.29411764706,18,32919.0
2016-03-09,62,19,1,64.33,3400.0,1.47580645161,8,11450.0
2016-03-10,82,35,0,120.29,0.0,1.32195121951,17,24253.4
2016-03-11,55,13,0,48.64,0.0,1.36909090909,31,33719.0
2016-03-12,40,19,1,72.16,3230.0,1.355,4,7815.0
2016-03-13,61,17,1,68.97,1740.0,1.4737704918,12,21378.72
2016-03-14,76,22,0,77.34,0.0,1.22236842105,27,38572.0
2016-03-15,50,20,0,88.32,0.0,1.338,24,33457.0
2016-03-16,63,24,0,84.98,0.0,1.30158730159,29,30155.0
2016-03-17,71,28,1,93.16,2130.0,1.41126760563,14,28767.0
2016-03-18,70,25,0,82.08,0.0,1.19,26,33580.0
2016-03-19,41,16,0,53.4,0.0,1.33414634146,8,12006.34
2016-03-20,52,15,0,60.61,0.0,1.63846153846,13,22466.0
2016-03-21,66,34,0,118.41,0.0,1.29545454545,46,176818.0
2016-03-22,61,18,1,59.98,3780.0,1.42459016393,34,52910.0
2016-03-23,81,24,0,59.95,0.0,1.62345679012,32,50064.0
2016-03-24,59,17,0,56.9,0.0,1.5813559322,31,36691.8
2016-03-25,69,24,0,71.69,0.0,1.35507246377,6,8470.0
2016-03-26,57,17,0,52.48,0.0,1.87543859649,9,18798.48
2016-03-27,34,11,0,32.98,0.0,1.32058823529,8,10817.51
2016-03-28,40,9,0,41.24,0.0,1.42,1,2200.0
2016-03-29,59,22,0,89.95,0.0,1.30338983051,11,19930.0
2016-03-30,83,15,1,58.86,3780.0,1.64939759036,12,39276.24
2016-03-31,48,15,0,54.95,0.0,1.40208333333,34,53528.51
2016-04-01,45,21,0,86.67,0.0,1.11555555556,9,9012.62
2016-04-02,23,7,0,26.02,0.0,1.52173913043,3,2999.0
2016-04-03,48,12,0,48.87,0.0,2.08541666667,8,10640.0
2016-04-04,48,20,0,78.74,0.0,1.33333333333,14,27910.0
2016-04-05,59,21,0,76.17,0.0,1.53220338983,30,100289.81
2016-04-06,83,29,2,106.09,5570.0,1.4686746988,13,21560.0
2016-04-07,85,24,0,86.45,0.0,1.57294117647,84,198867.0
2016-04-08,99,35,0,143.41,0.0,1.52727272727,6,4903.0
2016-04-09,49,20,0,60.47,0.0,1.37142857143,5,9468.88
2016-04-10,48,14,0,59.06,0.0,1.7,17,35532.0
2016-04-11,100,23,0,94.27,0.0,1.372,25,59353.0
2016-04-12,76,25,0,115.48,0.0,1.53289473684,17,14109.0
2016-04-13,67,29,1,120.87,7560.0,1.54029850746,13,16970.0
2016-04-14,85,28,1,133.65,3780.0,1.39647058824,10,20947.94
2016-04-15,55,16,0,66.34,0.0,1.41818181818,19,36835.0
2016-04-16,37,10,0,49.97,0.0,1.51891891892,6,7361.0
2016-04-17,33,11,0,59.01,0.0,1.60303030303,4,3811.0
2016-04-18,60,23,0,98.31,0.0,1.515,13,17855.56
2016-04-19,73,30,0,136.01,0.0,1.42191780822,11,14879.61
2016-04-20,81,20,0,90.4,0.0,1.75308641975,14,29700.0
2016-04-21,69,20,0,82.63,0.0,1.44637681159,8,12497.0
2016-04-22,78,21,0,96.21,0.0,1.58974358974,5,6597.0
2016-04-23,48,11,0,47.71,0.0,1.675,5,20300.0
2016-04-24,56,21,0,85.28,0.0,1.33928571429,5,6947.0
2016-04-25,77,20,0,93.17,0.0,1.81168831169,25,23247.0
2016-04-26,72,17,0,79.16,0.0,1.60972222222,24,86570.43
2016-04-27,52,19,0,80.55,0.0,1.59807692308,8,10406.47
2016-04-28,85,29,0,150.75,0.0,1.73529411765,15,46647.02
2016-04-29,73,22,1,88.65,2380.0,1.72602739726,18,25081.0
2016-04-30,44,10,0,42.39,0.0,1.36818181818,2,2480.0
2016-05-01,58,14,0,65.01,0.0,2.02931034483,27,32846.94
2016-05-02,74,18,1,95.6,4760.0,1.89324324324,16,28312.54
2016-05-03,69,22,0,119.24,0.0,1.67971014493,20,43408.0
2016-05-04,76,30,0,142.56,0.0,1.59078947368,15,17338.0
2016-05-05,79,19,0,73.89,0.0,1.88607594937,23,53981.0
2016-05-06,74,19,0,100.95,0.0,1.80675675676,14,13323.0
2016-05-07,47,7,0,31.53,0.0,1.5829787234,2,5620.0
2016-05-08,67,11,0,53.17,0.0,1.67910447761,6,6960.0
2016-05-09,96,26,2,116.95,2380.0,1.52604166667,16,22388.0
2016-05-10,119,29,1,147.47,1190.0,1.63361344538,13,22564.0
2016-05-11,106,28,0,141.56,0.0,1.45,18,23234.18
2016-05-12,70,23,0,114.37,0.0,1.46714285714,44,68366.26
2016-05-13,73,20,0,105.08,0.0,1.67671232877,22,48182.0
2016-05-14,64,13,0,60.29,0.0,1.4421875,12,20908.0
2016-05-15,49,11,0,42.76,0.0,1.57142857143,6,17229.0
2016-05-16,103,28,0,141.55,0.0,1.34077669903,10,12336.0
2016-05-17,92,24,0,127.4,0.0,1.46304347826,5,6615.52
2016-05-18,66,21,0,117.63,0.0,1.35151515152,11,13480.0
2016-05-19,62,20,0,95.6,0.0,1.57258064516,25,38805.84
2016-05-20,68,24,0,127.94,0.0,1.62058823529,73,111500.0
2016-05-21,46,12,0,38.49,0.0,1.95869565217,6,9693.52
2016-05-22,39,12,1,55.09,1190.0,1.67435897436,7,14078.0
2016-05-23,98,34,1,183.43,4800.0,1.33979591837,42,57874.76
2016-05-24,85,31,0,149.67,0.0,1.26117647059,7,11378.0
2016-05-25,64,26,0,124.51,0.0,1.4421875,9,16088.0
2016-05-26,68,21,0,108.38,0.0,1.61176470588,12,21624.0
2016-05-27,58,20,0,100.05,0.0,1.48448275862,12,35606.0
2016-05-28,41,11,0,46.27,0.0,1.4512195122,7,11258.0
2016-05-29,46,10,0,49.13,0.0,1.5152173913,16,19616.62
2016-05-30,89,23,0,111.46,0.0,1.83258426966,22,42486.0
2016-05-31,70,15,1,80.55,2260.0,1.51,14,24168.07
2016-06-01,55,12,0,65.85,0.0,1.54,18,35415.0
2016-06-02,64,10,0,46.57,0.0,1.6578125,16,17170.0
2016-06-03,43,13,1,64.33,1190.0,1.11860465116,21,23922.4
2016-06-04,47,12,0,57.5,0.0,1.8170212766,8,9241.36
2016-06-05,35,8,1,47.89,1190.0,1.36285714286,4,11275.0
2016-06-06,62,15,0,74.69,0.0,1.74032258065,25,43108.59
2016-06-07,49,10,0,50.53,0.0,1.80816326531,22,53110.0
2016-06-08,63,19,0,120.78,0.0,1.56984126984,53,180060.92
2016-06-09,75,23,0,140.76,0.0,1.59066666667,80,124890.0
2016-06-10,36,8,0,42.86,0.0,1.28611111111,11,13510.94
2016-06-11,32,8,0,36.04,0.0,1.34375,3,14983.0
2016-06-12,39,10,1,49.08,1740.0,1.35897435897,15,34259.84
2016-06-13,71,21,0,121.87,0.0,1.42112676056,20,71602.27
2016-06-14,67,15,2,77.62,7140.0,1.38059701493,29,55305.36
2016-06-15,64,29,0,155.05,0.0,1.2359375,19,37255.0
2016-06-16,54,16,0,84.59,0.0,1.56481481481,16,34125.0
2016-06-17,63,20,0,105.62,0.0,1.52857142857,15,28161.7
2016-06-18,60,14,0,77.85,0.0,1.94166666667,8,14718.0
2016-06-19,50,10,0,57.05,0.0,1.586,5,13348.0
2016-06-20,70,22,2,118.49,6160.0,1.58714285714,16,48661.45
2016-06-21,58,18,1,79.86,870.0,1.82586206897,6,10880.0
2016-06-22,71,16,0,81.02,0.0,1.41267605634,43,54888.0
2016-06-23,58,14,0,68.36,0.0,1.15344827586,13,19032.86
2016-06-24,37,9,1,46.47,1190.0,1.38108108108,3,4760.0
2016-06-25,42,11,0,59.73,0.0,1.65238095238,9,21344.32
2016-06-26,44,13,0,69.7,0.0,1.71363636364,8,14460.0
2016-06-27,65,21,0,101.37,0.0,1.52923076923,27,48654.0
2016-06-28,65,17,0,87.88,0.0,1.42307692308,22,45302.0
2016-06-29,68,21,0,90.64,0.0,1.57647058824,8,17951.0
2016-06-30,88,27,1,132.01,4800.0,1.34090909091,31,54453.0
2016-07-01,52,14,0,56.64,0.0,1.34230769231,15,26362.0
2016-07-02,53,18,0,87.18,0.0,1.48113207547,8,10137.0
2016-07-03,46,13,0,58.35,0.0,1.40652173913,19,41753.0
2016-07-04,44,18,0,74.89,0.0,1.64545454545,14,30558.0
2016-07-05,83,18,0,83.32,0.0,1.55903614458,13,34911.0
2016-07-06,51,19,0,88.19,0.0,1.52549019608,13,15992.81
2016-07-07,87,20,0,83.51,0.0,1.45977011494,31,42264.0
2016-07-08,70,23,1,92.46,1190.0,1.34,12,20646.0
2016-07-09,47,13,0,50.49,0.0,1.47021276596,12,32693.78
2016-07-10,47,13,0,58.79,0.0,1.56595744681,20,39948.67
2016-07-11,74,19,1,78.29,1390.0,1.65,4,5810.0
2016-07-12,67,14,0,68.23,0.0,1.52985074627,62,154495.0
2016-07-13,81,27,0,121.9,0.0,1.48271604938,14,13050.0
2016-07-14,75,23,1,92.77,1190.0,1.27333333333,16,27014.0
2016-07-15,81,26,0,95.98,0.0,1.26419753086,23,23716.94
2016-07-16,43,13,1,49.18,1190.0,1.61627906977,4,5950.0
2016-07-17,50,12,1,44.05,2060.0,1.624,25,58403.79
2016-07-18,87,29,1,122.15,1190.0,1.31264367816,25,36247.56
2016-07-19,70,19,0,83.12,0.0,1.59714285714,21,37832.0
2016-07-20,55,19,0,68.05,0.0,1.34545454545,13,31110.0
2016-07-21,76,20,0,72.25,0.0,1.42236842105,26,39347.14
2016-07-22,68,21,2,84.77,4650.0,1.24852941176,8,9079.0
2016-07-23,32,6,0,32.4,0.0,1.596875,6,8236.7
2016-07-24,56,13,0,49.51,0.0,1.92142857143,11,10174.0
2016-07-25,76,30,1,128.59,3780.0,1.475,21,38219.0
2016-07-26,81,25,2,104.23,4360.0,1.69135802469,14,24073.62
2016-07-27,73,17,0,62.58,0.0,1.41095890411,40,81095.04
2016-07-28,67,25,0,106.35,0.0,1.35074626866,12,21636.0
2016-07-29,72,21,1,96.67,1190.0,1.51111111111,6,13050.0
2016-07-30,63,9,1,52.43,1190.0,1.62222222222,9,16663.16
2016-07-31,75,21,0,90.73,0.0,1.33466666667,22,102247.48
2016-08-01,90,27,0,115.55,0.0,1.60333333333,12,22452.32
2016-08-02,91,28,0,112.49,0.0,1.59010989011,17,26008.0
2016-08-03,80,22,0,88.96,0.0,1.18,20,36236.64
2016-08-04,81,24,0,103.5,0.0,1.44197530864,40,119650.13
2016-08-05,66,19,0,64.35,0.0,1.35151515152,24,47068.0
2016-08-06,56,10,0,37.05,0.0,1.62857142857,4,12677.0
2016-08-07,69,18,1,91.3,2380.0,2.00869565217,17,33138.7
2016-08-08,84,27,0,108.33,0.0,1.52976190476,31,38019.0
2016-08-09,87,18,0,67.31,0.0,1.36666666667,20,46989.0
2016-08-10,106,34,2,149.93,3581.0,1.43490566038,21,42871.0
2016-08-11,81,25,1,117.09,3580.0,1.59382716049,23,36924.6
2016-08-12,58,23,0,87.34,0.0,1.19310344828,11,22218.0
2016-08-13,58,5,0,18.26,0.0,1.49827586207,9,14546.16
2016-08-14,50,19,1,78.78,3400.0,1.458,11,27568.87
2016-08-15,87,30,0,121.62,0.0,1.45172413793,15,39561.0
2016-08-16,79,29,1,120.16,1190.0,1.24810126582,24,49746.42
2016-08-17,81,32,0,149.6,0.0,1.42222222222,8,16596.0
2016-08-18,77,23,0,83.57,0.0,1.39480519481,9,10002.0
2016-08-19,62,19,0,64.19,0.0,1.36451612903,6,12416.0
2016-08-20,61,21,0,82.62,0.0,1.3,8,18016.0
2016-08-21,55,15,0,54.69,0.0,1.61272727273,12,16557.26
2016-08-22,70,21,0,79.8,0.0,1.35142857143,30,47103.0
2016-08-23,81,26,0,127.09,0.0,1.3024691358,9,10241.0
2016-08-24,86,28,0,134.2,0.0,1.41046511628,40,45809.0
2016-08-25,81,28,0,118.42,0.0,1.21481481481,80,541591.0
2016-08-26,70,25,0,100.44,0.0,1.42714285714,7,18672.0
2016-08-27,41,14,0,61.78,0.0,1.2487804878,6,9700.0
2016-08-28,56,15,3,83.98,5969.0,1.4875,15,30284.3
2016-08-29,77,28,1,90.22,1190.0,1.23636363636,22,25326.0
2016-08-30,70,24,0,85.43,0.0,1.51857142857,15,38013.11
2016-08-31,48,16,0,63.68,0.0,1.2,33,66635.52
2016-09-01,83,25,0,94.26,0.0,1.44457831325,11,17801.0
2016-09-02,93,31,0,131.8,0.0,1.28064516129,7,16563.43
2016-09-03,53,22,0,88.89,0.0,1.28867924528,4,5260.0
2016-09-04,48,16,0,75.97,0.0,1.62916666667,4,4958.16
2016-09-05,79,22,1,102.63,1760.0,1.35063291139,20,37698.0
2016-09-06,58,22,0,85.6,0.0,1.23965517241,20,49504.0
2016-09-07,68,29,0,126.59,0.0,1.35882352941,6,9398.0
2016-09-08,65,24,0,97.18,0.0,1.4,2,5870.0
2016-09-09,59,21,0,73.39,0.0,1.34406779661,3,3570.0
2016-09-10,40,14,0,62.3,0.0,1.3375,1,3640.0
2016-09-11,41,15,0,77.99,0.0,1.55609756098,48,123100.0
2016-09-12,53,17,0,66.06,0.0,1.70188679245,12,18265.0
2016-09-13,54,19,0,90.19,0.0,1.24259259259,51,137043.2
2016-09-14,71,27,0,116.38,0.0,1.30704225352,13,16070.0
2016-09-15,84,32,0,115.62,0.0,1.35357142857,9,15100.0
2016-09-16,54,29,0,111.39,0.0,1.30555555556,49,176319.0
2016-09-17,46,13,0,35.87,0.0,1.41739130435,7,13750.0
2016-09-18,41,9,0,29.61,0.0,1.42195121951,6,14925.0
2016-09-19,57,26,0,98.46,0.0,1.59473684211,20,25988.16
2016-09-20,61,27,2,114.35,9300.0,1.41803278689,14,39749.0
2016-09-21,56,13,1,46.33,1790.0,1.44642857143,27,59280.0
2016-09-22,59,21,0,79.62,0.0,1.3813559322,44,53344.0
2016-09-23,65,23,0,85.3,0.0,1.34153846154,10,18921.0
2016-09-24,31,11,0,49.53,0.0,1.57419354839,4,3780.0
2016-09-25,26,8,1,37.41,3570.0,1.2,7,12960.0
2016-09-26,93,26,0,90.65,0.0,1.58709677419,7,10997.0
2016-09-27,61,24,1,99.65,7200.0,1.63442622951,8,15781.0
2016-09-28,52,14,0,49.79,0.0,1.26538461538,7,9760.0
2016-09-29,75,25,1,109.65,2380.0,1.43066666667,11,11185.0
2016-09-30,72,29,1,109.18,3678.0,1.75555555556,7,10957.0
2016-10-01,46,10,1,30.23,6800.0,1.7152173913,7,7808.0
2016-10-02,50,21,0,81.73,0.0,1.74,1,1190.0
2016-10-03,59,26,0,100.9,0.0,1.39152542373,4,8510.0
2016-10-04,56,15,0,44.52,0.0,1.275,25,58917.52
2016-10-05,46,14,0,59.6,0.0,1.66956521739,145,379093.0
2016-10-06,66,17,0,64.01,0.0,1.66363636364,19,34350.0
2016-10-07,62,18,0,59.75,0.0,1.37741935484,6,8464.0
2016-10-08,42,19,0,87.33,0.0,1.69761904762,6,11620.0
2016-10-09,55,20,0,91.77,0.0,1.90909090909,6,12810.0
2016-10-10,67,25,0,101.8,0.0,1.75671641791,42,109077.0
2016-10-11,88,23,0,94.5,0.0,1.77386363636,24,40872.42
2016-10-12,85,33,0,120.97,0.0,1.44235294118,39,63564.62
2016-10-13,62,25,1,91.38,4380.0,1.54032258065,40,127765.0
2016-10-14,71,32,2,107.17,5670.0,1.4014084507,25,42884.0
2016-10-15,55,8,0,27.35,0.0,2.02727272727,6,21470.0
2016-10-16,54,10,1,43.96,2680.0,1.7,4,7790.0
2016-10-17,66,15,0,58.3,0.0,1.67575757576,36,64972.0
2016-10-18,62,20,0,86.56,0.0,1.4,10,23170.0
2016-10-19,73,16,1,80.0,3400.0,1.55890410959,7,8916.16
2016-10-20,59,14,1,44.5,3980.0,1.74745762712,27,16499.0
2016-10-21,56,21,0,80.21,0.0,1.4125,21,36505.0
2016-10-22,51,13,1,54.5,2380.0,1.63529411765,3,4320.0
2016-10-23,40,15,1,63.47,3580.0,1.715,2,6999.0
2016-10-24,78,27,1,118.49,3400.0,1.43717948718,15,26454.0
2016-10-25,74,19,0,92.26,0.0,1.91216216216,23,38913.13
2016-10-26,54,19,0,55.84,0.0,1.7462962963,24,35181.0
2016-10-27,76,14,0,52.34,0.0,1.79736842105,18,19050.0
2016-10-28,66,22,0,60.37,0.0,1.72272727273,6,12757.48
2016-10-29,46,12,0,43.65,0.0,1.65434782609,5,4622.0
2016-10-30,34,7,0,25.35,0.0,1.94411764706,3,3080.0
2016-10-31,61,17,0,66.09,0.0,1.72786885246,27,49381.0
2016-11-01,74,30,1,99.41,4180.0,1.78513513514,27,58753.0
2016-11-02,62,13,0,37.34,0.0,1.65806451613,26,50178.0
2016-11-03,72,14,0,31.35,0.0,1.54027777778,44,34571.77
2016-11-04,66,14,0,43.3,0.0,1.51818181818,15,28228.15
2016-11-05,60,17,0,55.36,0.0,1.855,2,2060.0
2016-11-06,36,10,0,36.64,0.0,1.81666666667,6,9670.0
2016-11-07,80,13,0,46.94,0.0,1.63375,18,36311.0
2016-11-08,68,25,1,116.44,3980.0,1.83529411765,38,64219.0
2016-11-09,73,22,0,78.94,0.0,2.01232876712,31,63616.64
2016-11-10,63,13,0,46.71,0.0,1.72063492063,11,17781.0
2016-11-11,96,24,0,88.96,0.0,1.58229166667,8,14949.0
2016-11-12,62,14,0,58.55,0.0,2.21612903226,4,11652.0
2016-11-13,59,15,1,43.12,2280.0,1.99661016949,23,42050.82
2016-11-14,62,17,0,54.63,0.0,1.81451612903,22,43335.62
2016-11-15,66,14,0,46.57,0.0,1.87575757576,32,64397.1
2016-11-16,77,8,0,28.18,0.0,1.96363636364,18,24820.0
2016-11-17,49,10,0,22.86,0.0,1.63265306122,13,36973.0
2016-11-18,45,9,0,23.77,0.0,1.68444444444,13,21235.08
2016-11-19,56,13,0,36.56,0.0,1.67678571429,3,3170.0
2016-11-20,45,11,1,27.71,4580.0,2.11333333333,9,24476.0
2016-11-21,46,18,0,55.31,0.0,1.59565217391,40,87270.0
2016-11-22,39,7,0,23.32,0.0,1.8,10,21209.0
2016-11-23,59,15,0,40.22,0.0,1.72372881356,19,39290.91
2016-11-24,46,16,0,46.17,0.0,1.47173913043,15,20042.0
2016-11-25,61,15,0,49.2,0.0,1.84918032787,26,66826.0
2016-11-26,24,6,0,14.1,0.0,1.80833333333,10,14827.33
2016-11-27,24,9,1,35.36,3980.0,1.62083333333,8,11228.0
2016-11-28,53,20,0,70.55,0.0,1.75849056604,12,18660.0
2016-11-29,31,8,0,17.5,0.0,1.81290322581,18,22932.24
2016-11-30,30,11,0,32.09,0.0,1.94,14,17776.84
2016-12-01,31,3,0,9.18,0.0,1.84516129032,12,18100.0
2016-12-02,39,7,0,21.12,0.0,1.56666666667,8,10360.0
2016-12-03,32,7,0,20.03,0.0,1.5875,4,6020.0
2016-12-04,30,4,0,23.66,0.0,1.66333333333,6,7460.0
2016-12-05,43,4,0,19.02,0.0,1.63720930233,13,17320.0
2016-12-06,49,11,0,35.17,0.0,1.8306122449,28,58820.0
2016-12-07,29,6,0,22.15,0.0,1.68620689655,14,24696.0
2016-12-08,41,13,0,35.44,0.0,1.43902439024,16,22909.0
2016-12-09,41,11,0,39.76,0.0,1.67073170732,8,15572.0
2016-12-10,43,4,0,14.68,0.0,1.5976744186,8,14443.0
2016-12-11,28,9,0,28.45,0.0,1.49642857143,8,10208.0
2016-12-12,49,11,0,46.72,0.0,1.77551020408,23,29880.46
2016-12-13,43,12,0,47.06,0.0,1.27906976744,11,23033.0
2016-12-14,41,13,0,43.21,0.0,1.67804878049,36,50257.0
2016-12-15,46,16,0,54.34,0.0,1.23695652174,26,206576.0
2016-12-16,35,8,0,25.43,0.0,1.82571428571,8,22438.0
2016-12-17,28,8,0,38.66,0.0,1.35357142857,2,1960.0
2016-12-18,35,8,0,19.96,0.0,1.73714285714,6,15612.0
2016-12-19,43,14,0,53.71,0.0,1.63953488372,7,15324.0
2016-12-20,54,5,0,24.34,0.0,1.87777777778,6,12622.0
2016-12-21,45,9,0,29.86,0.0,1.60888888889,4,10269.0
2016-12-22,44,14,0,46.84,0.0,1.63636363636,7,13325.0
2016-12-23,38,12,0,48.33,0.0,1.32105263158,5,2742.0
2016-12-24,19,4,0,14.4,0.0,1.58421052632,0,0.0
2016-12-25,34,6,0,21.73,0.0,2.02647058824,1,3404.0
2016-12-26,31,12,0,43.82,0.0,1.32580645161,5,12718.0
2016-12-27,63,11,1,50.99,4500.0,1.64285714286,27,122099.34
2016-12-28,54,17,0,67.56,0.0,1.52037037037,40,54906.0
2016-12-29,45,12,0,32.9,0.0,1.85111111111,10,21410.46
2016-12-30,68,18,0,71.19,0.0,1.45441176471,6,14185.0
2016-12-31,58,6,0,19.46,0.0,1.61034482759,2,5434.0
